{
        "name": "x3_pi",
        "ota_mode":[],
        "support_mode": ["uart", "uboot", "fastboot"],
        "boot_choose": ["lpddr4-samsung-3200-110", "choose"],
        "uart_mode":["uart", "tftp", "fastboot"],
        "erase_part":["all", "veeprom", "miniboot", "uboot", "vbmeta", "boot", "recovery", "system"],
        "baudrate":921600,
        "support_os": ["Linux", "Windows"],
        "partition_backup":["all", "veeprom", "miniboot", "uboot", "boot", "system", "app", "userdata"],
        "ddr_size": "0x80000000",
        "load_address": "0x06000000",
        "download_root": "/userdata",
        "download_speed": 200,
        "download_speed_uart": 5,
        "boot_config":{
            "lpddr4-samsung-3200-110":"data/board_config/xj3-key1/boot_config/x3pi_lpddr4_samsung_110_secure_boot.json"
        }
}
