[
        {
            "file": "data/board_config/xj3-key1/boot_config/boot_file/spl-uart-secure.bin",
            "method": "xmodem",
            "timeout": 3
        },
        {
            "file": "data/xj3-ddr/SAMSUNG-LPDDR4-3200-110-ddr.bin",
            "method": "ymodem",
            "timeout": 2
        },
        {
            "file": "data/board_config/xj3-key1/boot_config/boot_file/boot_uart_secure.pkg",
            "method": "ymodem",
            "timeout": 2
        }

]