{
    "product_type": "XJ3-key1",
    "board_type": "xj3_sdb",
    "mode": "uart",
    "ddr_type":"lpddr4-samsung-3200-610",
    "ddr_example":["lpddr4-micron-2666-ff10", "lpddr4-hynix-3200-610", "lpddr4-samsung-3200-610", "lpddr4-micron-2666-ff10", "lpddr4x-micron", "ddr4-micron-3200-aaaa", "ddr4-samsung-2666-bbbb", "lpddr4-hynix-2666-608", "lpddr4-samsung-3200-110", "choose"],
    "download_mode": "tftp",
    "upfiles": "/home/zhzh/work/nfs/disk.img",
    "boot_check": true,
    "com_output": true,
    "tftp_root":"",
    "com": "/dev/ttyUSB0",
    "pc_ip": "192.168.1.22",
    "cp_ip": "192.168.1.10",
    "ap_ip": "192.168.1.20",
    "netmask": "255.255.255.0",
    "gateway": "192.168.1.255",
    "baudrate": "921600",
    "soc_num": 1,
    "partition_backup": "",
    "erase_scrub": "",
    "select_partition_list": ""
}
